{"loss": [102.46321105957031, 38.352298736572266, 8.432085990905762, 7.902276039123535, 7.734260559082031, 7.583240509033203, 7.452737331390381, 7.325666427612305, 7.225747108459473, 7.14241886138916], "val_loss": [60.82087326049805, 5.7242326736450195, 5.768100738525391, 5.791082382202148, 5.496556282043457, 5.528478145599365, 5.19628381729126, 5.18821907043457, 5.126721382141113, 4.867298603057861], "mae": [9.543841361999512, 5.127028942108154, 2.0651535987854004, 2.0384278297424316, 2.017369270324707, 2.0002195835113525, 1.9904035329818726, 1.980404257774353, 1.9694875478744507, 1.9640952348709106], "val_mae": [7.4207587242126465, 1.540622591972351, 1.7915494441986084, 1.8320975303649902, 1.7786548137664795, 1.822457194328308, 1.7482813596725464, 1.7745260000228882, 1.7800606489181519, 1.710728645324707]}