{"loss": [1.0352499819298586, 0.13828191757698854, 0.10282288663337628, 0.09662083687757453, 0.0978288112146159, 0.11309880000477036, 0.10967621557367965, 0.10988970857051511, 0.10882749312495192, 0.1045834874023761], "acc": [0.9103541666666667, 0.961, 0.9701041666666667, 0.9723958333333333, 0.9732916666666667, 0.9725208333333333, 0.9731875, 0.9745625, 0.9766875, 0.9778958333333333], "val_loss": [0.2214574395342076, 0.19146930251983887, 0.19284733543370633, 0.21854896177636815, 0.2246174542827809, 0.22118295788606432, 0.23034191961855965, 0.26374845095771426, 0.36784528703131575, 0.2703420527754946], "val_acc": [0.9453333333333334, 0.9501666666666667, 0.9548333333333333, 0.9506666666666667, 0.9611666666666666, 0.9575, 0.9626666666666667, 0.9541666666666667, 0.9513333333333334, 0.9621666666666666]}