{"loss": [93.87619687550104, 28.044327817746062, 8.21136739716601, 7.937383008537008, 7.689446916331106, 7.4864102895580125, 7.2870502578678416, 6.999955779580928, 6.820098649210005, 6.7283268731031844], "mae": [9.150646563775526, 4.18170401635998, 2.0402437038764267, 2.0051742844952796, 1.9737830184890839, 1.962798364719231, 1.9157776963924933, 1.9049295602444403, 1.8803345988610547, 1.8703879721864254], "val_loss": [67.80260445089901, 8.3750401244444, 8.119510482339297, 7.794229184879976, 7.5571190329159, 7.496730103212244, 7.210980920230641, 6.99400733498966, 6.9133641719818115, 6.781966489904067], "val_mae": [7.648762132562519, 2.118250176096647, 2.0936412081193696, 2.0802397750781485, 2.067931480955279, 2.0195772362667976, 2.0367082385925586, 1.991002014379182, 2.0259144066623525, 1.936967557697205]}