{"loss": [1.5138834714889526, 0.13982366025447845, 0.0790720209479332, 0.051859498023986816, 0.03457218036055565, 0.026519492268562317, 0.019732849672436714, 0.009936301037669182, 0.011242073029279709, 0.012926558032631874], "val_loss": [0.21732331812381744, 0.1614428162574768, 0.14572365581989288, 0.13489553332328796, 0.11075928062200546, 0.1316380351781845, 0.1138606145977974, 0.10907033085823059, 0.10653869807720184, 0.13203881680965424], "acc": [0.875291645526886, 0.9615416526794434, 0.9761041402816772, 0.9839791655540466, 0.9886875152587891, 0.9912291765213013, 0.9932708144187927, 0.996708333492279, 0.9960625171661377, 0.9955416917800903], "val_acc": [0.9428333044052124, 0.9608333110809326, 0.9626666903495789, 0.9668333530426025, 0.9710000157356262, 0.968833327293396, 0.9743333458900452, 0.9758333563804626, 0.9783333539962769, 0.9761666655540466]}